,full_name,rating,jersey,position,b_day,height,weight,salary,country,draft_year,draft_round,draft_peak
0,LeBron James,97,#23,F,12/30/84,6-9 / 2.06,250 lbs. / 113.4 kg.,37436858,USA,2003,1,1
1,Kawhi Leonard,97,#2,F,06/29/91,6-7 / 2.01,225 lbs. / 102.1 kg.,32742000,USA,2011,1,15
2,Giannis Antetokounmpo,96,#34,F-G,12/06/94,6-11 / 2.11,242 lbs. / 109.8 kg.,25842697,Greece,2013,1,15
3,Kevin Durant,96,#7,F,09/29/88,6-10 / 2.08,230 lbs. / 104.3 kg.,37199000,USA,2007,1,2
4,James Harden,96,#13,G,08/26/89,6-5 / 1.96,220 lbs. / 99.8 kg.,38199000,USA,2009,1,3
5,Stephen Curry,95,#30,G,03/14/88,6-3 / 1.91,185 lbs. / 83.9 kg.,40231758,USA,2009,1,7
6,Anthony Davis,94,#3,F-C,03/11/93,6-10 / 2.08,222 lbs. / 100.7 kg.,27093019,USA,2012,1,1
7,Paul George,93,#13,F,05/02/90,6-8 / 2.03,210 lbs. / 95.3 kg.,33005556,USA,2010,1,10
8,Damian Lillard,92,#0,G,07/15/90,6-2 / 1.88,195 lbs. / 88.5 kg.,29802321,USA,2012,1,6
9,Joel Embiid,91,#21,C,03/16/94,7-0 / 2.13,250 lbs. / 113.4 kg.,27504630,Cameroon,2014,1,3
10,Kyrie Irving,91,#11,G,03/23/92,6-2 / 1.88,180 lbs. / 81.6 kg.,31742000,Australia,2011,1,1
11,Nikola Jokic,90,#15,C,02/19/95,7-0 / 2.13,253 lbs. / 114.8 kg.,27504630,Serbia,2014,2,41
12,Russell Westbrook,90,#0,G,11/12/88,6-3 / 1.91,190 lbs. / 86.2 kg.,38506482,USA,2008,1,4
13,Klay Thompson,89,#11,G,02/08/90,6-6 / 1.98,205 lbs. / 93 kg.,32742000,USA,2011,1,11
14,Karl-Anthony Towns,89,#32,F-C,11/15/95,6-11 / 2.11,248 lbs. / 112.5 kg.,27285000,USA,2015,1,1
15,Jimmy Butler,88,#22,G,09/14/89,6-7 / 2.01,220 lbs. / 99.8 kg.,32742000,USA,2011,1,30
16,Rudy Gobert,88,#27,C,06/26/92,7-1 / 2.16,238 lbs. / 108 kg.,25258427,France,2013,1,27
17,Blake Griffin,88,#23,F,03/16/89,6-9 / 2.06,252 lbs. / 114.3 kg.,34449964,USA,2009,1,1
18,Donovan Mitchell,88,#45,G,09/07/96,6-1 / 1.85,211 lbs. / 95.7 kg.,3635760,USA,2017,1,13
19,Kemba Walker,88,#8,G,05/08/90,6-0 / 1.83,172 lbs. / 78 kg.,32742000,USA,2011,1,9
20,Luka Doncic,87,#77,G-F,02/28/99,6-7 / 2.01,227 lbs. / 103 kg.,7683360,Slovenia,2018,1,3
21,LaMarcus Aldridge,87,#12,F-C,07/19/85,6-11 / 2.11,246 lbs. / 111.6 kg.,26000000,USA,2006,1,2
22,Bradley Beal,87,#3,G,06/28/93,6-3 / 1.91,207 lbs. / 93.9 kg.,27093018,USA,2012,1,3
23,Mike Conley,87,#10,G,10/11/87,6-1 / 1.85,185 lbs. / 83.9 kg.,32511623,USA,2007,1,4
24,DeMar DeRozan,87,#10,G-F,08/07/89,6-6 / 1.98,220 lbs. / 99.8 kg.,27739975,USA,2009,1,9
25,CJ McCollum,87,#3,G,09/19/91,6-3 / 1.91,197 lbs. / 89.4 kg.,27556959,USA,2013,1,10
26,Victor Oladipo,87,#4,G,05/04/92,6-4 / 1.93,213 lbs. / 96.6 kg.,21000000,USA,2013,1,2
27,Kristaps Porzingis,87,#6,F-C,08/02/95,7-3 / 2.21,220 lbs. / 99.8 kg.,27285000,Latvia,2015,1,4
28,D'Angelo Russell,87,#0,G,02/23/96,6-4 / 1.93,193 lbs. / 87.5 kg.,27285000,USA,2015,1,2
29,Pascal Siakam,87,#43,F,04/02/94,6-9 / 2.06,227 lbs. / 103 kg.,2351838,Cameroon,2016,1,27
30,Ben Simmons,87,#25,F,07/20/96,6-10 / 2.08,240 lbs. / 108.9 kg.,8113929,Australia,2016,1,1
31,De'Aaron Fox,86,#5,G,12/20/97,6-3 / 1.91,171 lbs. / 77.6 kg.,6392760,USA,2017,1,5
32,Devin Booker,86,#1,G,10/30/96,6-5 / 1.96,206 lbs. / 93.4 kg.,27285000,USA,2015,1,13
33,DeMarcus Cousins,86,#0,C,08/13/90,6-10 / 2.08,270 lbs. / 122.5 kg.,3500000,USA,2010,1,5
34,Andre Drummond,86,#0,C,08/10/93,6-10 / 2.08,270 lbs. / 122.5 kg.,27093018,USA,2012,1,9
35,Draymond Green,86,#23,F,03/04/90,6-6 / 1.98,230 lbs. / 104.3 kg.,18539130,USA,2012,2,35
36,Jrue Holiday,86,#11,G,06/12/90,6-3 / 1.91,180 lbs. / 81.6 kg.,26131111,USA,2009,1,17
37,Nikola Vucevic,86,#9,C,10/24/90,6-11 / 2.11,240 lbs. / 108.9 kg.,28000000,Montenegro,2011,1,16
38,John Wall,86,#2,G,09/06/90,6-4 / 1.93,195 lbs. / 88.5 kg.,38199000,USA,2010,1,1
39,Jayson Tatum,85,#0,F,03/03/98,6-8 / 2.03,204 lbs. / 92.5 kg.,7830000,USA,2017,1,3
40,Trae Young,85,#11,G,09/19/98,6-1 / 1.85,180 lbs. / 81.6 kg.,6273000,USA,2018,1,5
41,Eric Bledsoe,85,#6,G,12/09/89,6-1 / 1.85,195 lbs. / 88.5 kg.,15625000,USA,2010,1,18
42,Clint Capela,85,#15,C,05/18/94,6-10 / 2.08,211 lbs. / 95.7 kg.,16896552,Switzerland,2014,1,25
43,Tobias Harris,85,#12,F,07/15/92,6-8 / 2.03,226 lbs. / 102.5 kg.,32742000,USA,2011,1,19
44,Al Horford,85,#42,C-F,06/03/86,6-9 / 2.06,246 lbs. / 111.6 kg.,28000000,Dominican Republic,2007,1,3
45,Zach LaVine,85,#8,G,03/10/95,6-6 / 1.98,181 lbs. / 82.1 kg.,19500000,USA,2014,1,13
46,Kyle Lowry,85,#7,G,03/25/86,6-0 / 1.83,205 lbs. / 93 kg.,33296296,USA,2006,1,24
47,Khris Middleton,85,#22,F,08/12/91,6-7 / 2.01,217 lbs. / 98.4 kg.,30603448,USA,2012,2,39
48,Chris Paul,85,#3,G,05/06/85,6-1 / 1.85,175 lbs. / 79.4 kg.,38506482,USA,2005,1,4
49,John Collins,84,#20,F,09/23/97,6-9 / 2.06,225 lbs. / 102.1 kg.,2686560,USA,2017,1,19
50,Buddy Hield,84,#24,G,12/17/93,6-4 / 1.93,212 lbs. / 96.2 kg.,4861207,The Bahamas,2016,1,6
51,Kyle Kuzma,84,#0,F,07/24/95,6-8 / 2.03,221 lbs. / 100.2 kg.,1974600,USA,2017,1,27
52,Jamal Murray,84,#27,G,02/23/97,6-4 / 1.93,201 lbs. / 91.2 kg.,4444746,Canada,2016,1,7
53,Louis Williams,84,#23,G,10/27/86,6-1 / 1.85,175 lbs. / 79.4 kg.,8000000,USA,2005,2,45
54,Marvin Bagley,83,#35,F,03/14/99,6-11 / 2.11,235 lbs. / 106.6 kg.,8556120,USA,2018,1,2
55,Bojan Bogdanovic,83,#44,G-F,04/18/89,6-8 / 2.03,216 lbs. / 98 kg.,17000000,Croatia,2011,2,31
56,Malcolm Brogdon,83,#7,G,12/11/92,6-5 / 1.96,223 lbs. / 101.2 kg.,20000000,USA,2016,2,36
57,Danilo Gallinari,83,#8,F,08/08/88,6-10 / 2.08,225 lbs. / 102.1 kg.,22615559,Italy,2008,1,6
58,Montrezl Harrell,83,#5,F,01/26/94,6-7 / 2.01,253 lbs. / 114.8 kg.,6000000,USA,2015,2,32
59,Kevin Love,83,#0,F,09/07/88,6-8 / 2.03,260 lbs. / 117.9 kg.,28942830,USA,2008,1,5
60,Lauri Markkanen,83,#24,F-C,05/22/97,7-0 / 2.13,240 lbs. / 108.9 kg.,5300400,Finland,2017,1,7
61,Jusuf Nurkic,83,#27,C,08/23/94,7-0 / 2.13,290 lbs. / 131.5 kg.,12000000,Bosnia and Herzegovina,2014,1,16
62,Julius Randle,83,#30,F,11/29/94,6-8 / 2.03,250 lbs. / 113.4 kg.,18000000,USA,2014,1,7
63,Marc Gasol,82,#33,C,01/29/85,6-11 / 2.11,265 lbs. / 120.2 kg.,25595700,Spain,2007,2,48
64,Steven Adams,82,#12,C,07/20/93,6-11 / 2.11,255 lbs. / 115.7 kg.,25842697,New Zealand,2013,1,12
65,Deandre Ayton,82,#22,C,07/23/98,6-11 / 2.11,250 lbs. / 113.4 kg.,9562920,The Bahamas,2018,1,1
66,Spencer Dinwiddie,82,#8,G,04/06/93,6-5 / 1.96,205 lbs. / 93 kg.,10605600,USA,2014,2,38
67,Jaren Jackson,82,#13,F-C,09/15/99,6-11 / 2.11,242 lbs. / 110 kg.,6699960,USA,2018,1,4
68,Paul Millsap,82,#4,F-C,02/10/85,6-7 / 2.01,250 lbs. / 113.4 kg.,30350000,USA,2017,2,47
69,Marcus Smart,82,#36,G,03/06/94,6-3 / 1.91,227 lbs. / 103 kg.,12553571,USA,2014,1,6
70,Myles Turner,82,#33,F-C,03/24/96,6-11 / 2.11,239 lbs. / 108.4 kg.,18000000,USA,2015,1,11
71,Serge Ibaka,81,#9,F,09/18/89,7-0 / 2.13,240 lbs. / 108.9 kg.,23271604,Spain,2008,1,24
72,Zion Williamson,81,#1,F,07/06/00,6-6 / 1.98,284 lbs. / 128.8 kg.,9757440,USA,2019,1,1
73,Rudy Gay,81,#22,F,08/17/86,6-8 / 2.03,230 lbs. / 104.3 kg.,14500000,USA,2006,1,8
74,Aaron Gordon,81,#0,F,09/16/95,6-8 / 2.03,220 lbs. / 99.8 kg.,19863636,USA,2014,1,4
75,Brandon Ingram,81,#14,F,09/02/97,6-7 / 2.01,196 lbs. / 88.9 kg.,7265485,USA,2016,1,2
76,DeAndre Jordan,81,#6,C,07/21/88,6-11 / 2.11,265 lbs. / 120.2 kg.,9881598,USA,2008,2,35
77,Domantas Sabonis,81,#11,F-C,05/03/96,6-11 / 2.11,231 lbs. / 104.8 kg.,3529554,Lithuania,2016,1,11
78,Jonas Valanciunas,81,#17,C,05/06/92,6-11 / 2.11,231 lbs. / 104.8 kg.,16000000,Lithuania,2011,1,5
79,Hassan Whiteside,81,#21,C,06/13/89,7-0 / 2.13,235 lbs. / 106.6 kg.,27093018,USA,2010,2,33
80,Derrick Rose,80,#25,G,10/04/88,6-2 / 1.88,190 lbs. / 86.2 kg.,7317074,USA,2008,1,1
81,Robert Covington,80,#33,F,12/14/90,6-7 / 2.01,209 lbs. / 94.8 kg.,11301219,USA,2013,Undrafted,Undrafted
82,Derrick Favors,80,#22,F,07/15/91,6-9 / 2.06,246 lbs. / 111.6 kg.,17650000,USA,2010,1,3
83,Gordon Hayward,80,#20,F,03/23/90,6-7 / 2.01,207 lbs. / 93.9 kg.,32700690,USA,2010,1,9
84,Reggie Jackson,80,#0,G,04/16/90,6-3 / 1.91,208 lbs. / 94.3 kg.,17799677,USA,2011,1,24
85,Enes Kanter,80,#11,C,05/20/92,6-10 / 2.08,262 lbs. / 118.8 kg.,4767000,Turkey,2011,1,3
86,Otto Porter,80,#22,F,06/03/93,6-8 / 2.03,198 lbs. / 89.8 kg.,27250576,USA,2013,1,2
87,JJ Redick,80,#4,G,06/24/84,6-3 / 1.91,190 lbs. / 86.2 kg.,13486300,USA,2006,1,11
88,Josh Richardson,80,#0,G,09/15/93,6-5 / 1.96,200 lbs. / 90.7 kg.,10116576,USA,2015,2,40
89,TJ Warren,80,#1,F,09/05/93,6-8 / 2.03,220 lbs. / 99.8 kg.,11060000,USA,2014,1,14
90,Ja Morant,79,#12,G,08/10/99,6-3 / 1.91,174 lbs. / 78.9 kg.,8730240,USA,2019,1,2
91,Bam Adebayo,79,#13,F-C,07/18/97,6-9 / 2.06,243 lbs. / 110.2 kg.,3454080,USA,2017,1,14
92,Jarrett Allen,79,#31,C,04/20/98,6-11 / 2.11,234 lbs. / 106.1 kg.,2376840,USA,2017,1,22
93,Lonzo Ball,79,#2,G,10/27/97,6-6 / 1.98,190 lbs. / 86.2 kg.,8719320,USA,2017,1,2
94,Harrison Barnes,79,#40,F,05/30/92,6-8 / 2.03,210 lbs. / 95.3 kg.,24147727,USA,2012,1,7
95,Patrick Beverley,79,#21,G,07/12/88,6-1 / 1.85,180 lbs. / 81.6 kg.,12345680,USA,2009,2,42
96,Jaylen Brown,79,#7,F,10/24/96,6-6 / 1.98,223 lbs. / 101.2 kg.,6534829,USA,2016,1,3
97,Willie Cauley-Stein,79,#0,C,08/18/93,7-0 / 2.13,242 lbs. / 109.8 kg.,2177483,USA,2015,1,6
98,Goran Dragic,79,#7,G,05/06/86,6-3 / 1.91,190 lbs. / 86.2 kg.,19217900,Slovenia,2008,2,45
99,Shai Gilgeous-Alexander,79,#2,G,07/12/98,6-5 / 1.96,180 lbs. / 81.6 kg.,3952920,Canada,2018,1,11
100,Gary Harris,79,#14,G,09/14/94,6-4 / 1.93,205 lbs. / 93 kg.,17839286,USA,2014,1,19
101,Joe Ingles,79,#2,F,10/02/87,6-7 / 2.01,209 lbs. / 94.8 kg.,11454546,Australia,2009,Undrafted,Undrafted
102,Jeremy Lamb,79,#26,G,05/30/92,6-5 / 1.96,180 lbs. / 81.6 kg.,10500000,USA,2012,1,12
103,Brook Lopez,79,#11,C,04/01/88,7-0 / 2.13,265 lbs. / 120.2 kg.,12093024,USA,2008,1,10
104,JaVale McGee,79,#7,C,01/19/88,7-0 / 2.13,270 lbs. / 122.5 kg.,4000000,USA,2008,1,18
105,Mitchell Robinson,79,#23,C,04/01/98,7-0 / 2.13,223 lbs. / 101.2 kg.,1559712,USA,2018,2,36
106,Terrence Ross,79,#8,G,02/05/91,6-6 / 1.98,206 lbs. / 93.4 kg.,12500000,USA,2012,1,8
107,Tristan Thompson,79,#13,F,03/13/91,6-9 / 2.06,225 lbs. / 102.1 kg.,18539130,Canada,2011,1,4
108,PJ Tucker,79,#17,F,05/05/85,6-5 / 1.96,225 lbs. / 102.1 kg.,8349039,USA,2006,2,35
109,Fred VanVleet,79,#23,G,02/25/94,6-1 / 1.85,197 lbs. / 89.4 kg.,9346153,USA,2006,Undrafted,Undrafted
110,Andrew Wiggins,79,#22,F,02/23/95,6-7 / 2.01,197 lbs. / 89.4 kg.,27504630,Canada,2014,1,1
111,Thaddeus Young,79,#21,F,06/21/88,6-8 / 2.03,220 lbs. / 99.8 kg.,12900000,USA,2007,1,12
112,RJ Barrett,78,#9,G,06/14/00,6-6 / 1.98,202 lbs. / 91.6 kg.,7839960,Canada,2019,1,3
113,Ricky Rubio,78,#11,G,10/21/90,6-3 / 1.91,180 lbs. / 81.6 kg.,16200000,Spain,2009,1,5
114,Will Barton,78,#5,G,01/06/91,6-5 / 1.96,175 lbs. / 79.4 kg.,12776786,USA,2012,2,40
115,Bogdan Bogdanovic,78,#8,G,08/18/92,6-6 / 1.98,205 lbs. / 93 kg.,8529386,Serbia,2014,1,27
116,Thomas Bryant,78,#13,F-C,07/31/97,6-10 / 2.08,241 lbs. / 109.3 kg.,8000000,USA,2017,2,42
117,Wendell Carter,78,#34,C,04/16/99,6-9 / 2.06,259 lbs. / 117.5 kg.,5201400,USA,2018,1,7
118,Jordan Clarkson,78,#8,G,06/07/92,6-4 / 1.93,186 lbs. / 84.4 kg.,13437500,Philippines,2014,2,46
119,Evan Fournier,78,#10,G,10/29/92,6-7 / 2.01,190 lbs. / 86.2 kg.,17150000,France,2012,1,20
120,Eric Gordon,78,#10,G,12/25/88,6-3 / 1.91,215 lbs. / 97.5 kg.,14057730,USA,2008,1,7
121,JaMychal Green,78,#4,F,06/21/90,6-8 / 2.03,220 lbs. / 99.8 kg.,4767000,USA,2012,Undrafted,Undrafted
122,Joe Harris,78,#12,G,09/06/91,6-6 / 1.98,215 lbs. / 97.5 kg.,7666667,USA,2014,2,33
123,Andre Iguodala,78,#9,G-F,01/28/84,6-6 / 1.98,207 lbs. / 93.9 kg.,17185185,USA,2004,1,9
124,Caris LeVert,78,#22,G,08/25/94,6-6 / 1.98,191 lbs. / 86.6 kg.,2625717,USA,2016,1,20
125,Marcus Morris,78,#0,F,09/02/89,6-8 / 2.03,235 lbs. / 106.6 kg.,15000000,USA,2011,1,14
126,Dejounte Murray,78,#5,G,09/19/96,6-4 / 1.93,170 lbs. / 77.1 kg.,2321735,USA,2016,1,29
127,Larry Nance Jr,78,#22,F,01/01/93,6-7 / 2.01,227 lbs. / 103 kg.,12727273,USA,2015,1,27
128,Kelly Olynyk,78,#9,C,04/19/91,6-11 / 2.11,234 lbs. / 106.1 kg.,12667885,Canada,2013,1,13
129,Kelly Oubre,78,#3,F-G,12/09/95,6-7 / 2.01,203 lbs. / 92.1 kg.,15625000,USA,2015,1,15
130,Jabari Parker,78,#0,F,03/15/95,6-8 / 2.03,235 lbs. / 106.6 kg.,6500000,USA,2014,1,2
131,Bobby Portis,78,#1,F-C,02/10/95,6-10 / 2.08,246 lbs. / 111.6 kg.,15000000,USA,2015,1,22
132,Terry Rozier,78,#3,G,03/17/94,6-1 / 1.85,190 lbs. / 86.2 kg.,19894737,USA,2015,1,16
133,Dennis Schroeder,78,#17,G,09/15/93,6-1 / 1.85,172 lbs. / 78 kg.,15500000,Germany,2013,1,17
134,Jeff Teague,78,#0,G,06/10/88,6-3 / 1.91,181 lbs. / 82.1 kg.,19000000,USA,2009,1,19
135,Derrick White,78,#4,G,07/02/94,6-4 / 1.93,200 lbs. / 90.7 kg.,1948080,USA,2017,1,29
136,Justise Winslow,78,#0,F,03/26/96,6-6 / 1.98,222 lbs. / 100.7 kg.,13000000,USA,2015,1,10
137,Darius Garland,77,#10,G,06/26/00,6-1 / 1.85,175 lbs. / 79.4 kg.,6400920,USA,2019,1,5
138,De'Andre Hunter,77,#12,F,12/01/97,6-7 / 2.01,225 lbs. / 102.1 kg.,7068360,USA,2019,1,4
139,Al-Farouq Aminu,77,#2,F,09/21/90,6-8 / 2.03,215 lbs. / 97.5 kg.,9258000,Nigeria,2010,1,8
140,Mo Bamba,77,#5,C,05/12/98,7-0 / 2.13,225 lbs. / 102.1 kg.,5697600,USA,2018,1,6
141,Nicolas Batum,77,#5,F-G,12/14/88,6-9 / 2.06,210 lbs. / 95.3 kg.,25565217,France,2008,1,25
142,Malik Beasley,77,#0,G,11/26/96,6-4 / 1.93,198 lbs. / 89.8 kg.,2731713,USA,2016,1,19
143,Nemanja Bjelica,77,#88,F-G,05/09/88,6-10 / 2.08,224 lbs. / 101.6 kg.,6825000,Serbia,2010,2,35
144,DeMarre Carroll,77,#0,F,07/27/86,6-6 / 1.98,212 lbs. / 96.2 kg.,7339258,USA,2009,1,27
145,Ed Davis,77,#17,F,06/05/89,6-9 / 2.06,215 lbs. / 97.5 kg.,4767000,USA,2010,1,13
146,Taj Gibson,77,#67,F,06/24/85,6-9 / 2.06,225 lbs. / 102.1 kg.,9000000,USA,2009,1,26
147,Jerami Grant,77,#9,F,03/12/94,6-8 / 2.03,214 lbs. / 97.1 kg.,9346153,USA,2014,2,39
148,Danny Green,77,#14,G,06/22/87,6-6 / 1.98,209 lbs. / 94.8 kg.,14634147,USA,2009,2,46
149,Tim Hardaway Jr,77,#11,G,03/16/92,6-5 / 1.96,199 lbs. / 90.3 kg.,20025127,USA,2013,1,24
150,Alex Len,77,#0,C,06/16/93,7-0 / 2.13,225 lbs. / 102.1 kg.,4160000,Ukraine,2013,1,5
151,Kevon Looney,77,#5,F,02/06/96,6-9 / 2.06,222 lbs. / 100.7 kg.,4464286,USA,2015,1,30
152,Monte Morris,77,#11,G,06/27/95,6-2 / 1.88,175 lbs. / 79.4 kg.,1588231,USA,2017,2,51
153,Nerlens Noel,77,#9,F-C,04/10/94,6-10 / 2.08,206 lbs. / 93.4 kg.,1882867,USA,2013,1,6
154,Mason Plumlee,77,#24,C-F,03/05/90,6-11 / 2.11,238 lbs. / 108 kg.,14041096,USA,2013,1,22
155,Jakob Poeltl,77,#25,C-F,10/15/95,7-1 / 2.16,239 lbs. / 108.4 kg.,3754885,Austria,2016,1,9
156,Dwight Powell,77,#7,F-C,07/20/91,6-10 / 2.08,234 lbs. / 106.1 kg.,10259375,Canada,2014,2,45
157,Taurean Prince,77,#2,F,03/22/94,6-7 / 2.01,220 lbs. / 99.8 kg.,3481985,USA,2016,1,12
158,Dario Saric,77,#20,F,04/08/94,6-10 / 2.08,216 lbs. / 98 kg.,3481985,Croatia,2014,1,12
159,Collin Sexton,77,#2,G,01/04/99,6-1 / 1.85,190 lbs. / 86.2 kg.,4764960,USA,2018,1,8
160,Dennis Smith,77,#5,G,11/25/97,6-2 / 1.88,195 lbs. / 88.5 kg.,4463640,USA,2017,1,9
161,Cody Zeller,77,#40,C-F,10/05/92,7-0 / 2.13,230 lbs. / 104.3 kg.,14471910,USA,2013,1,4
162,Ivica Zubac,77,#40,C,03/18/97,7-0 / 2.13,265 lbs. / 120.2 kg.,6481482,Croatia,2016,2,32
163,Jarrett Culver,77,#23,G,02/20/99,6-6 / 1.98,195 lbs. / 88.5 kg.,5813640,USA,2019,1,6
164,Willy Hernangomez,76,#9,C-F,05/27/94,6-11 / 2.11,255 lbs. / 115.7 kg.,1676735,Spain,2015,2,35
165,Trevor Ariza,76,#0,F-G,06/30/85,6-8 / 2.03,210 lbs. / 95.3 kg.,12200000,USA,2004,2,43
166,DJ Augustin,76,#14,G,11/10/87,5-11 / 1.80,180 lbs. / 81.6 kg.,7250000,USA,2008,1,9
167,Jose Juan Barea,76,#5,G,06/26/84,5-10 / 1.78,175 lbs. / 79.4 kg.,2564753,Puerto Rico,2006,Undrafted,Undrafted
168,Michael Beasley,76,#0,F,01/09/89,6-10 / 2.08,235 lbs. / 106.6 kg.,3500000,USA,2008,1,2
169,Davis Bertans,76,#42,F,11/12/92,6-10 / 2.08,211 lbs. / 95.7 kg.,7000000,Latvia,2011,2,42
170,Avery Bradley,76,#11,G,11/26/90,6-3 / 1.91,195 lbs. / 88.5 kg.,6767000,USA,2010,1,19
171,Miles Bridges,76,#0,F,03/21/98,6-6 / 1.98,225 lbs. / 102.1 kg.,3755400,USA,2018,1,12
172,Jalen Brunson,76,#13,G,08/31/96,6-1 / 1.85,190 lbs. / 86.2 kg.,1416852,USA,2018,2,33
173,Kentavious Caldwell-Pope,76,#1,G,02/18/93,6-5 / 1.96,204 lbs. / 92.5 kg.,8089282,USA,2013,1,8
174,Jae Crowder,76,#99,F,07/06/90,6-6 / 1.98,235 lbs. / 106.6 kg.,7815533,USA,2012,2,34
175,Dewayne Dedmon,76,#0,C,08/12/89,7-0 / 2.13,239 lbs. / 108.4 kg.,13333334,USA,2013,Undrafted,Undrafted
176,Gorgui Dieng,76,#0,C,01/18/90,6-10 / 2.08,230 lbs. / 104.3 kg.,16229213,Senegal,2013,1,21
177,Gerald Green,76,#0,F-G,01/26/86,6-6 / 1.98,192 lbs. / 87.1 kg.,2564753,USA,2005,1,18
178,Jeff Green,76,#34,F,08/28/86,6-8 / 2.03,235 lbs. / 106.6 kg.,3405180,USA,2007,1,5
179,Rodney Hood,76,#5,F,10/20/92,6-8 / 2.03,208 lbs. / 94.3 kg.,5718000,USA,2014,1,23
180,Kevin Huerter,76,#3,G,08/27/98,6-7 / 2.01,190 lbs. / 86.2 kg.,2636280,USA,2018,1,19
181,Ersan Ilyasova,76,#7,F,05/15/87,6-9 / 2.06,235 lbs. / 106.6 kg.,7000000,Turkey,2005,2,36
182,Jonathan Isaac,76,#1,F,10/03/97,6-11 / 2.11,205 lbs. / 93 kg.,5806440,USA,2017,1,6
183,Josh Jackson,76,#20,F,02/10/97,6-8 / 2.03,203 lbs. / 92.1 kg.,7059480,USA,2017,1,4
184,Frank Kaminsky,76,#8,F-C,04/04/93,7-0 / 2.13,231 lbs. / 104.8 kg.,4767000,USA,2015,1,9
185,Michael Kidd-Gilchrist,76,#0,F,09/26/93,6-6 / 1.98,232 lbs. / 105.2 kg.,12784359,USA,2012,1,2
186,Kevin Knox,76,#20,F,08/11/99,6-7 / 2.01,215 lbs. / 97.5 kg.,4380120,USA,2018,1,9
187,Meyers Leonard,76,#0,C,02/27/92,7-0 / 2.13,245 lbs. / 111.1 kg.,11286515,USA,2012,1,11
188,Wesley Matthews,76,#9,G,10/14/86,6-4 / 1.93,220 lbs. / 99.8 kg.,2564753,USA,2009,Undrafted,Undrafted
189,Emmanuel Mudiay,76,#8,G,03/05/96,6-3 / 1.91,190 lbs. / 86.2 kg.,1737145,Democratic Republic of the Congo,2015,1,7
190,Jahlil Okafor,76,#8,C,12/15/95,6-10 / 2.08,270 lbs. / 122.5 kg.,1702486,USA,2015,1,3
191,Elfrid Payton,76,#6,G,02/22/94,6-3 / 1.91,185 lbs. / 83.9 kg.,8000000,USA,2014,1,10
192,Michael Porter,76,#1,F,06/29/98,6-10 / 2.08,215 lbs. / 97.5 kg.,3389400,USA,2018,1,14
193,Austin Rivers,76,#25,G,08/01/92,6-3 / 1.91,200 lbs. / 90.7 kg.,2174310,USA,2012,1,10
194,Andre Roberson,76,#21,G-F,12/04/91,6-7 / 2.01,206 lbs. / 93.4 kg.,10740740,USA,2013,1,26
195,Rajon Rondo,76,#9,G,02/22/86,6-1 / 1.85,186 lbs. / 84.4 kg.,2564753,USA,2006,1,21
196,Landry Shamet,76,#20,G,03/13/97,6-4 / 1.93,180 lbs. / 81.6 kg.,1995120,USA,2018,1,26
197,Daniel Theis,76,#27,C,04/04/92,6-8 / 2.03,215 lbs. / 97.5 kg.,5000000,Germany,2013,Undrafted,Undrafted
198,Isaiah Thomas,76,#0,G,02/07/89,5-9 / 1.75,185 lbs. / 83.9 kg.,2320044,USA,2011,2,60
199,Dion Waiters,76,#11,G,12/10/91,6-3 / 1.91,210 lbs. / 95.3 kg.,12475385,USA,2012,1,4
200,Marvin Williams,76,#2,F,06/19/86,6-8 / 2.03,240 lbs. / 108.9 kg.,14654179,USA,2005,1,2
201,Delon Wright,76,#55,G,04/26/92,6-5 / 1.96,181 lbs. / 82.1 kg.,9473684,USA,2015,1,20
202,Coby White,76,#0,G,02/16/00,6-4 / 1.93,185 lbs. / 83.9 kg.,5307120,USA,2019,1,7
203,Pau Gasol,75,#0,C,07/06/80,7-1 / 2.16,250 lbs. / 113.4 kg.,5538540,Spain,2001,1,3
204,Aron Baynes,75,#46,C,12/09/86,6-10 / 2.08,260 lbs. / 117.9 kg.,5453280,Australia,2009,Undrafted,Undrafted
205,Kent Bazemore,75,#26,G,07/01/89,6-4 / 1.93,195 lbs. / 88.5 kg.,19269663,USA,2012,Undrafted,Undrafted
206,Marco Belinelli,75,#18,G,03/25/86,6-5 / 1.96,200 lbs. / 90.7 kg.,5846154,Italy,2007,1,18
207,Bismack Biyombo,75,#8,C,08/28/92,6-8 / 2.03,229 lbs. / 103.9 kg.,17000000,Democratic Republic of the Congo,2011,1,7
208,Mikal Bridges,75,#25,F-G,08/30/96,6-6 / 1.98,209 lbs. / 94.8 kg.,4161000,USA,2018,1,10
209,Wilson Chandler,75,#21,F-G,05/10/87,6-8 / 2.03,225 lbs. / 102.1 kg.,2564753,USA,2007,1,23
210,Damyean Dotson,75,#21,G,05/06/94,6-5 / 1.96,202 lbs. / 91.6 kg.,1618520,USA,2017,2,44
211,Kris Dunn,75,#32,G,03/18/94,6-3 / 1.91,205 lbs. / 93 kg.,5348007,USA,2016,1,5
212,Wayne Ellington,75,#2,G,11/29/87,6-4 / 1.93,200 lbs. / 90.7 kg.,8000000,USA,2009,1,28
213,Bryn Forbes,75,#11,G,07/23/93,6-2 / 1.88,187 lbs. / 84.8 kg.,2875000,USA,2016,Undrafted,Undrafted
214,Josh Hart,75,#3,G,03/06/95,6-5 / 1.96,204 lbs. / 92.5 kg.,1934160,USA,2017,1,30
215,John Henson,75,#31,F,12/28/90,6-9 / 2.06,220 lbs. / 99.8 kg.,9732396,USA,2012,1,14
216,Mario Hezonja,75,#44,F-G,02/25/95,6-8 / 2.03,201 lbs. / 91.2 kg.,1737145,Croatia,2015,1,5
217,George Hill,75,#3,G,05/04/86,6-3 / 1.91,180 lbs. / 81.6 kg.,10133907,USA,2008,1,26
218,Rondae Hollis-Jefferson,75,#4,F,01/03/95,6-6 / 1.98,211 lbs. / 95.7 kg.,2500000,USA,2015,1,23
219,Richaun Holmes,75,#22,F,10/15/93,6-10 / 2.08,243 lbs. / 110.2 kg.,4767000,USA,2015,2,37
220,James Johnson,75,#0,F,02/20/87,6-7 / 2.01,245 lbs. / 111.1 kg.,15349400,USA,2009,1,16
221,Luke Kennard,75,#5,G,06/24/96,6-5 / 1.96,196 lbs. / 88.9 kg.,3827160,USA,2017,1,12
222,Kyle Korver,75,#26,F,03/17/81,6-7 / 2.01,212 lbs. / 96.2 kg.,6004753,USA,2003,2,51
223,Rodions Kurucs,75,#0,F,02/05/98,6-9 / 2.06,215 lbs. / 97.5 kg.,1699236,Latvia,2018,2,40
224,Jake Layman,75,#10,F,03/07/94,6-8 / 2.03,209 lbs. / 94.8 kg.,3581986,USA,2016,2,47
225,Robin Lopez,75,#42,C,04/01/88,7-0 / 2.13,255 lbs. / 115.7 kg.,4767000,USA,2008,1,15
226,Trey Lyles,75,#41,F,11/05/95,6-9 / 2.06,241 lbs. / 109.3 kg.,5500000,Canada,2015,1,12
227,Boban Marjanovic,75,#51,C,08/15/88,7-4 / 2.24,290 lbs. / 131.5 kg.,3500000,Serbia,2010,Undrafted,Undrafted
228,TJ McConnell,75,#9,G,03/25/92,6-1 / 1.85,200 lbs. / 90.7 kg.,3500000,USA,2015,Undrafted,Undrafted
229,Patrick Mills,75,#8,G,08/11/88,6-1 / 1.85,185 lbs. / 83.9 kg.,12678571,Australia,2009,2,55
230,Malik Monk,75,#1,G,02/04/98,6-3 / 1.91,197 lbs. / 89.4 kg.,4028400,USA,2017,1,11
231,Markieff Morris,75,#88,F,09/02/89,6-8 / 2.03,245 lbs. / 111.1 kg.,3709887,USA,2011,1,13
232,Shabazz Napier,75,#0,G,07/14/91,6-0 / 1.83,175 lbs. / 79.4 kg.,1845301,USA,2014,1,24
233,Cedi Osman,75,#16,F-G,04/08/95,6-7 / 2.01,215 lbs. / 97.5 kg.,2907143,Turkey,2015,2,31
234,Tomas Satoransky,75,#31,G,10/30/91,6-7 / 2.01,198 lbs. / 89.8 kg.,10000000,Czech,2012,2,32
235,Mike Scott,75,#1,F,07/16/88,6-7 / 2.01,237 lbs. / 107.5 kg.,4767000,USA,2012,2,43
236,Noah Vonleh,75,#0,F,08/24/95,6-10 / 2.08,247 lbs. / 112 kg.,2000000,USA,2014,1,9
237,Allonzo Trier,75,#0,G-F,01/17/96,6-4 / 1.93,200 lbs. / 90.7 kg.,3551100,USA,2018,Undrafted,Undrafted
238,Juan Hernangomez,74,#41,F,09/28/95,6-9 / 2.06,220 lbs. / 99.8 kg.,3321029,Spain,2016,1,15
239,Kyle Anderson,74,#1,F,09/20/93,6-9 / 2.06,230 lbs. / 104.3 kg.,9073050,USA,2014,1,30
240,Jordan Bell,74,#0,F-C,01/07/95,6-8 / 2.03,224 lbs. / 101.6 kg.,1870564,USA,2017,2,38
241,Khem Birch,74,#24,C,09/28/92,6-9 / 2.06,209 lbs. / 94.8 kg.,3000000,Canada,2014,Undrafted,Undrafted
242,Dillon Brooks,74,#24,G-F,01/22/96,6-7 / 2.01,225 lbs. / 102.1 kg.,1618520,Canada,2017,2,45
243,Reggie Bullock,74,#25,G,03/16/91,6-6 / 1.98,200 lbs. / 90.7 kg.,4000000,USA,2013,1,25
244,Zach Collins,74,#33,C,11/17/97,6-11 / 2.11,232 lbs. / 105.2 kg.,4240200,USA,2017,1,10
245,Pat Connaughton,74,#24,G,01/06/93,6-5 / 1.96,215 lbs. / 97.5 kg.,1723050,USA,2015,2,41
246,Quinn Cook,74,#2,G,03/23/93,6-1 / 1.85,180 lbs. / 81.6 kg.,3000000,USA,2015,Undrafted,Undrafted
247,Torrey Craig,74,#3,G,12/19/90,6-7 / 2.01,215 lbs. / 97.5 kg.,2000000,USA,2014,Undrafted,Undrafted
248,Seth Curry,74,#30,G,08/23/90,6-2 / 1.88,180 lbs. / 81.6 kg.,7461380,USA,2013,Undrafted,Undrafted
249,Cheick Diallo,74,#14,F-C,09/13/96,6-8 / 2.03,219 lbs. / 99.3 kg.,1678854,Mali,2016,2,33
250,Yogi Ferrell,74,#3,G,05/09/93,6-0 / 1.83,178 lbs. / 80.7 kg.,3150000,USA,2016,Undrafted,Undrafted
251,Markelle Fultz,74,#20,G,05/29/98,6-3 / 1.91,195 lbs. / 88.5 kg.,9745200,USA,2017,1,1
252,Harry Giles,74,#20,F-C,04/22/98,6-11 / 2.11,232 lbs. / 105.2 kg.,2578800,USA,2017,1,20
253,Moe Harkless,74,#0,F,05/11/93,6-7 / 2.01,208 lbs. / 94.3 kg.,11011234,USA,2012,1,15
254,Justin Jackson,74,#44,F-G,03/28/95,6-7 / 2.01,201 lbs. / 91.2 kg.,3280920,USA,2017,1,15
255,Tyler Johnson,74,#0,G,05/07/92,6-3 / 1.91,186 lbs. / 84.4 kg.,19428485,USA,2014,Undrafted,Undrafted
256,Derrick Jones,74,#5,F,02/15/97,6-6 / 1.98,195 lbs. / 88.5 kg.,1645357,USA,2016,Undrafted,Undrafted
257,Cory Joseph,74,#9,G,08/20/91,6-3 / 1.91,185 lbs. / 83.9 kg.,12000000,Canada,2011,1,29
258,Maxi Kleber,74,#42,F-C,01/29/92,6-10 / 2.08,211 lbs. / 95.7 kg.,8000000,Germany,2014,Undrafted,Undrafted
259,TJ Leaf,74,#22,F-C,04/30/97,6-10 / 2.08,222 lbs. / 100.7 kg.,2813280,Israel,2017,1,18
260,Doug McDermott,74,#20,F,01/03/92,6-7 / 2.01,218 lbs. / 98.9 kg.,7333333,USA,2014,1,11
261,E'Twaun Moore,74,#55,G,02/25/89,6-3 / 1.91,191 lbs. / 86.6 kg.,8664928,USA,2011,2,55
262,Joakim Noah,74,#0,C,02/25/85,6-11 / 2.11,227 lbs. / 103 kg.,6813026,USA,2007,1,9
263,Kyle O'Quinn,74,#9,F-C,03/26/90,6-9 / 2.06,240 lbs. / 108.9 kg.,2174318,USA,2012,2,49
264,Chandler Parsons,74,#0,F,10/25/88,6-9 / 2.06,200 lbs. / 90.7 kg.,25102512,USA,2011,2,38
265,Norman Powell,74,#24,G,05/25/93,6-3 / 1.91,215 lbs. / 97.5 kg.,10116576,USA,2015,2,46
266,Ivan Rabb,74,#0,F-C,02/04/97,6-10 / 2.08,220 lbs. / 99.8 kg.,451326,USA,2017,2,35
267,Glenn Robinson III,74,#22,F,01/08/94,6-6 / 1.98,211 lbs. / 95.7 kg.,1882867,USA,2014,2,40
268,Denzel Valentine,74,#45,G,11/16/93,6-4 / 1.93,210 lbs. / 95.3 kg.,3377568,USA,2016,1,14
269,Robert Williams,74,#44,F-C,10/17/97,6-8 / 2.03,237 lbs. / 107.5 kg.,1937520,USA,2018,1,27
270,Christian Wood,74,#35,F,09/27/95,6-10 / 2.08,216 lbs. / 98 kg.,1645357,USA,2015,Undrafted,Undrafted
271,Jaxson Hayes,74,#10,F-C,05/23/00,6-11 / 2.11,220 lbs. / 99.8 kg.,4862040,USA,2019,1,8
272,Rui Hachimura,74,#8,F,02/08/98,6-8 / 2.03,225 lbs. / 102.1 kg.,4469160,Japan,2019,1,9
273,OG Anunoby,73,#3,F-G,07/17/97,6-7 / 2.01,232 lbs. / 105.2 kg.,2281800,United Kingdom,2017,1,23
274,Dwayne Bacon,73,#7,G,08/30/95,6-6 / 1.98,220 lbs. / 99.8 kg.,1618520,USA,2017,2,40
275,DeAndre Bembry,73,#95,F,07/04/94,6-5 / 1.96,207 lbs. / 93.9 kg.,2603981,USA,2016,1,21
276,Jonah Bolden,73,#0,F,01/02/96,6-8 / 2.03,215 lbs. / 97.5 kg.,1788296,Australia,2017,2,36
277,Sterling Brown,73,#23,G,02/10/95,6-5 / 1.96,230 lbs. / 104.3 kg.,1618520,USA,2017,2,46
278,Bruce Brown,73,#6,G,08/15/96,6-4 / 1.93,190 lbs. / 86.2 kg.,1416852,USA,2018,2,42
279,Troy Brown,73,#6,F-G,07/28/99,6-6 / 1.98,215 lbs. / 97.5 kg.,3219480,USA,2018,1,15
280,Alec Burks,73,#0,G,07/20/91,6-6 / 1.98,195 lbs. / 88.5 kg.,2320044,USA,2011,1,12
281,Alex Caruso,73,#4,G,02/28/94,6-5 / 1.96,186 lbs. / 84.4 kg.,2750000,USA,2016,Undrafted,Undrafted
282,Tyson Chandler,73,#19,C,10/02/82,7-0 / 2.13,235 lbs. / 106.6 kg.,2564753,USA,2001,1,2
283,Allen Crabbe,73,#0,G-F,04/09/92,6-5 / 1.96,197 lbs. / 89.4 kg.,17818456,USA,2013,2,31
284,Matthew Dellavedova,73,#18,G,09/08/90,6-3 / 1.91,190 lbs. / 86.2 kg.,9607500,Australia,2013,Undrafted,Undrafted
285,James Ennis,73,#0,F,07/01/90,6-6 / 1.98,201 lbs. / 91.2 kg.,1882867,USA,2013,2,50
286,Dorian Finney-Smith,73,#10,F,05/04/93,6-7 / 2.01,213 lbs. / 96.6 kg.,4000000,USA,2016,Undrafted,Undrafted
287,Shaquille Harrison,73,#3,G,10/06/93,6-7 / 2.01,190 lbs. / 86.2 kg.,1620564,USA,2016,Undrafted,Undrafted
288,Aaron Holiday,73,#3,G,09/30/96,6-0 / 1.83,185 lbs. / 83.9 kg.,2239200,USA,2018,1,23
289,Danuel House,73,#4,F,06/07/93,6-6 / 1.98,220 lbs. / 99.8 kg.,3540000,USA,2016,Undrafted,Undrafted
290,Stanley Johnson,73,#5,F,05/29/96,6-6 / 1.98,242 lbs. / 109.8 kg.,3623000,USA,2015,1,8
291,Tyus Jones,73,#21,G,05/10/96,6-0 / 1.83,185 lbs. / 83.9 kg.,10116000,USA,2015,1,24
292,Furkan Korkmaz,73,#30,F,06/27/97,6-7 / 2.01,185 lbs. / 83.9 kg.,1620564,Turkey,2016,1,26
293,Ian Mahinmi,73,#28,C,11/05/86,6-11 / 2.11,230 lbs. / 104.3 kg.,15450051,France,2005,1,28
294,CJ Miles,73,#0,G-F,03/18/87,6-6 / 1.98,232 lbs. / 105.2 kg.,8730158,USA,2005,2,34
295,Mike Muscala,73,#33,F-C,07/01/91,6-10 / 2.08,230 lbs. / 104.3 kg.,2028594,USA,2013,2,44
296,Frank Ntilikina,73,#11,G,07/28/98,6-4 / 1.93,190 lbs. / 86.2 kg.,4855800,France,2017,1,8
297,David Nwaba,73,#0,G,01/14/93,6-5 / 1.96,210 lbs. / 95.3 kg.,2581965,USA,2016,Undrafted,Undrafted
298,Royce O'Neale,73,#23,F,06/05/93,6-4 / 1.93,226 lbs. / 102.5 kg.,1618520,USA,2015,Undrafted,Undrafted
299,Semi Ojeleye,73,#37,F,12/05/94,6-6 / 1.98,235 lbs. / 106.6 kg.,1618520,USA,2017,2,37
300,Josh Okogie,73,#20,G,09/01/98,6-4 / 1.93,213 lbs. / 96.6 kg.,2530680,Nigeria,2018,1,20
301,Jonathon Simmons,73,#0,G-F,09/14/89,6-6 / 1.98,195 lbs. / 88.5 kg.,1000000,USA,2012,Undrafted,Undrafted
302,Ishmael Smith,73,#14,G,07/05/88,6-0 / 1.83,175 lbs. / 79.4 kg.,6000000,USA,2010,Undrafted,Undrafted
303,Tony Snell,73,#17,F,11/10/91,6-6 / 1.98,198 lbs. / 89.8 kg.,11392857,USA,2013,1,20
304,Omari Spellman,73,#0,F,07/21/97,6-8 / 2.03,245 lbs. / 111.1 kg.,1897800,USA,2018,1,30
305,Garrett Temple,73,#17,G-F,05/08/86,6-5 / 1.96,195 lbs. / 88.5 kg.,4767000,USA,2009,Undrafted,Undrafted
306,Evan Turner,73,#1,G-F,10/27/88,6-6 / 1.98,205 lbs. / 93 kg.,18606556,USA,2010,1,2
307,Lonnie Walker,73,#1,G,12/14/98,6-5 / 1.96,204 lbs. / 92.5 kg.,2764200,USA,2018,1,18
308,Brad Wanamaker,73,#9,G,07/25/89,6-3 / 1.91,210 lbs. / 95.3 kg.,1445697,USA,2011,Undrafted,Undrafted
309,Ante Zizic,73,#41,C,01/04/97,6-10 / 2.08,250 lbs. / 113.4 kg.,2281800,Croatia,2016,1,23
310,Tyler Herro,73,#14,G,01/20/00,6-5 / 1.96,195 lbs. / 88.5 kg.,3640200,USA,2019,1,13
311,Vincent Poirier,73,#77,C,10/17/93,7-0 / 2.13,235 lbs. / 106.6 kg.,2505793,France,2015,Undrafted,Undrafted
312,Sekou Doumbouya,73,#45,F,12/23/00,6-8 / 2.03,209 lbs. / 94.8 kg.,3285120,France,2019,1,15
313,Brandon Clarke,73,#15,F,09/19/96,6-8 / 2.03,215 lbs. / 97.5 kg.,2478840,Canada,2019,1,21
314,Nicolo Melli,73,#20,F,01/26/91,6-9 / 2.06,236 lbs. / 107 kg.,4102564,Italy,2013,Undrafted,Undrafted
315,Nassir Little,73,#9,F,02/11/00,6-5 / 1.96,220 lbs. / 99.8 kg.,2105520,USA,2019,1,25
316,Grayson Allen,72,#3,G,10/08/95,6-4 / 1.93,205 lbs. / 93 kg.,2429400,USA,2018,1,21
317,Antonio Blakeney,72,#0,G-F,10/04/96,6-4 / 1.93,197 lbs. / 89.4 kg.,1488231,USA,2017,Undrafted,Undrafted
318,Michael Carter-Williams,72,#7,G,10/10/91,6-5 / 1.96,184 lbs. / 83.5 kg.,2028594,USA,2013,1,11
319,Troy Daniels,72,#30,G,07/15/91,6-4 / 1.93,200 lbs. / 90.7 kg.,2487033,USA,2013,Undrafted,Undrafted
320,Donte DiVincenzo,72,#0,G,01/31/97,6-4 / 1.93,205 lbs. / 93 kg.,2905800,USA,2018,1,17
321,Jared Dudley,72,#10,F,07/10/85,6-6 / 1.98,225 lbs. / 102.1 kg.,2564753,USA,2007,1,22
322,Cristiano Felicio,72,#6,F,07/07/92,6-10 / 2.08,270 lbs. / 122.5 kg.,8156500,Brazil,2014,Undrafted,Undrafted
323,Tim Frazier,72,#0,G,11/01/90,6-0 / 1.83,170 lbs. / 77.1 kg.,1620564,USA,2014,Undrafted,Undrafted
324,Langston Galloway,72,#9,G,12/09/91,6-1 / 1.85,202 lbs. / 91.6 kg.,7333333,USA,2014,Undrafted,Undrafted
325,Justin Holiday,72,#8,G,04/05/89,6-6 / 1.98,180 lbs. / 81.6 kg.,4767000,USA,2011,Undrafted,Undrafted
326,Chandler Hutchison,72,#15,F,04/26/96,6-7 / 2.01,196 lbs. / 88.9 kg.,2332320,USA,2018,1,22
327,Wesley Iwundu,72,#25,F,12/20/94,6-6 / 1.98,205 lbs. / 93 kg.,1618520,USA,2017,2,33
328,Brandon Knight,72,#0,G,12/02/91,6-2 / 1.88,189 lbs. / 85.7 kg.,15643750,USA,2011,1,8
329,Courtney Lee,72,#1,G-F,10/03/85,6-5 / 1.96,200 lbs. / 90.7 kg.,12759670,USA,2008,1,22
330,Thon Maker,72,#7,F-C,02/25/97,7-0 / 2.13,216 lbs. / 98 kg.,3569643,Australia,2016,1,10
331,Patrick McCaw,72,#22,G,10/25/95,6-7 / 2.01,181 lbs. / 82.1 kg.,4000000,USA,2016,2,38
332,Rodney McGruder,72,#19,G,07/29/91,6-4 / 1.93,205 lbs. / 93 kg.,4807693,USA,2013,Undrafted,Undrafted
333,Darius Miller,72,#21,F,03/21/90,6-6 / 1.98,225 lbs. / 102.1 kg.,7250000,USA,2012,2,46
334,Raul Neto,72,#19,G,05/19/92,6-1 / 1.85,170 lbs. / 77.1 kg.,1737145,Brazil,2013,2,47
335,Georges Niang,72,#31,F,06/17/93,6-7 / 2.01,230 lbs. / 104.3 kg.,1645357,USA,2016,2,50
336,Cameron Payne,72,#0,G,08/08/94,6-2 / 1.88,180 lbs. / 81.6 kg.,346288,USA,2015,1,14
337,Anfernee Simons,72,#1,G,06/08/99,6-3 / 1.91,181 lbs. / 82.1 kg.,2149560,USA,2018,1,24
338,Zhaire Smith,72,#8,G-F,06/04/99,6-3 / 1.91,205 lbs. / 93 kg.,3058800,USA,2018,1,16
339,Anthony Tolliver,72,#0,F,06/01/85,6-8 / 2.03,240 lbs. / 108.9 kg.,2854556,USA,2007,Undrafted,Undrafted
340,DJ Wilson,72,#5,F,02/19/96,6-10 / 2.08,234 lbs. / 106.1 kg.,2961120,USA,2017,1,17
341,Alfonzo McKinnie,72,#0,F,09/17/92,6-8 / 2.03,215 lbs. / 97.5 kg.,2391985,USA,2015,Undrafted,Undrafted
342,Romeo Langford,72,#45,G,10/25/99,6-4 / 1.93,216 lbs. / 98 kg.,3458400,USA,2019,1,14
343,Grant Williams,72,#12,F,11/30/98,6-6 / 1.98,236 lbs. / 107 kg.,2379840,USA,2019,1,22
344,Nicolas Claxton,72,#0,C,04/17/90,6-11 / 2.11,215 lbs. / 97.5 kg.,898310,USA,2019,2,31
345,PJ Washington,72,#25,F,08/23/98,6-7 / 2.01,225 lbs. / 102.1 kg.,3831840,USA,2019,1,12
346,Ryan Arcidiacono,72,#51,G,03/26/94,6-3 / 1.91,195 lbs. / 88.5 kg.,3000000,Italy,2016,Undrafted,Undrafted
347,Kevin Porter,72,#4,G-F,05/04/00,6-4 / 1.93,218 lbs. / 98.9 kg.,1290960,USA,2019,1,30
348,Ryan Broekhoff,72,#0,F,08/23/90,6-6 / 1.98,215 lbs. / 97.5 kg.,2833704,Australia,2013,Undrafted,Undrafted
349,Goga Bitadze,72,#88,C,07/20/99,6-11 / 2.11,250 lbs. / 113.4 kg.,2816760,Georgia,2019,1,18
350,De'Anthony Melton,72,#0,G,05/28/98,6-2 / 1.88,190 lbs. / 86.2 kg.,1416852,USA,2018,2,46
351,Kenrich Williams,72,#34,G-F,12/02/94,6-6 / 1.98,210 lbs. / 95.3 kg.,1416852,USA,2018,Undrafted,Undrafted
352,Nickeil Alexander-Walker,72,#0,G,09/02/98,6-5 / 1.96,205 lbs. / 93 kg.,2964840,Canada,2019,1,17
353,Chuma Okeke,72,#3,F-C,08/18/98,6-8 / 2.03,230 lbs. / 104 kg.,2773550,USA,2019,1,16
354,Matisse Thybulle,72,#22,G-F,03/04/97,6-5 / 1.96,201 lbs. / 91.2 kg.,2582160,USA,2019,1,20
355,Cameron Johnson,72,#23,F,03/03/96,6-8 / 2.03,210 lbs. / 95.3 kg.,4033440,USA,2019,1,11
356,Ty Jerome,72,#10,G,07/08/97,6-5 / 1.96,195 lbs. / 88.5 kg.,2193480,USA,2019,1,24
357,Luka Samanic,72,#19,F,01/09/00,6-10 / 2.08,209 lbs. / 94.8 kg.,2689920,Croatia,2019,1,19
358,Keldon Johnson,72,#3,F,10/11/99,6-5 / 1.96,211 lbs. / 95.7 kg.,1950600,USA,2019,1,29
359,Matt Thomas,72,#21,G,08/04/94,6-4 / 1.93,197 lbs. / 89.4 kg.,898310,USA,2017,Undrafted,Undrafted
360,Chris Boucher,71,#25,F-C,01/11/93,6-9 / 2.06,200 lbs. / 90.7 kg.,1588231,Canada,2017,Undrafted,Undrafted
361,Jevon Carter,71,#4,G,09/14/95,6-1 / 1.85,200 lbs. / 90.7 kg.,1416852,USA,2018,2,32
362,Deyonta Davis,71,#0,F-C,12/02/96,6-10 / 2.08,240 lbs. / 108.9 kg.,250000,USA,2016,2,31
363,Jacob Evans,71,#0,G,06/18/97,6-4 / 1.93,210 lbs. / 95.3 kg.,1925880,USA,2018,1,28
364,Terrance Ferguson,71,#23,G,05/17/98,6-6 / 1.98,184 lbs. / 83.5 kg.,2475840,USA,2017,1,21
365,Daniel Gafford,71,#12,F,10/01/98,6-10 / 2.08,234 lbs. / 106.1 kg.,898310,USA,2019,2,38
366,Treveon Graham,71,#12,G,10/28/93,6-5 / 1.96,219 lbs. / 99.3 kg.,1645357,USA,2015,Undrafted,Undrafted
367,Frank Jackson,71,#15,G,05/04/98,6-3 / 1.91,205 lbs. / 93 kg.,1618520,USA,2017,2,31
368,Luke Kornet,71,#2,C,07/15/95,7-2 / 2.18,240 lbs. / 108.9 kg.,2250000,USA,2017,Undrafted,Undrafted
369,Frank Mason,71,#15,G,04/13/94,5-11 / 1.80,190 lbs. / 86.2 kg.,79568,USA,2017,2,34
370,Ben McLemore,71,#16,G,02/11/93,6-3 / 1.91,189 lbs. / 85.7 kg.,2028594,USA,2013,1,7
371,Dzanan Musa,71,#13,F,05/08/99,6-9 / 2.06,195 lbs. / 88.5 kg.,1911600,Bosnia and Herzegovina,2018,1,29
372,Elie Okobo,71,#2,G,10/23/97,6-3 / 1.91,190 lbs. / 86.2 kg.,1416852,France,2018,2,31
373,Jerome Robinson,71,#1,G,02/22/97,6-4 / 1.93,190 lbs. / 86.2 kg.,3567720,USA,2018,1,13
374,JaKarr Sampson,71,#14,F,03/20/93,6-7 / 2.01,223 lbs. / 101.2 kg.,1737145,USA,2014,Undrafted,Undrafted
375,Edmond Sumner,71,#5,G,12/13/95,6-4 / 1.93,186 lbs. / 84.4 kg.,2000000,USA,2017,2,52
376,Gary Trent Jr,71,#2,G,01/18/99,6-5 / 1.96,209 lbs. / 94.8 kg.,1416852,USA,2018,2,37
377,Moritz Wagner,71,#21,F,04/26/97,6-11 / 2.11,240 lbs. / 108.9 kg.,2063520,Germany,2018,1,25
378,Admiral Schofield,71,#1,F,03/30/97,6-5 / 1.96,241 lbs. / 109.3 kg.,1000000,USA,2019,2,42
379,Bruno Fernando,71,#24,F,08/15/98,6-9 / 2.06,245 lbs. / 111.1 kg.,1400000,Angola,2019,2,34
380,Alen Smailagic,71,#6,F,08/18/00,6-10 / 2.08,215 lbs. / 97.5 kg.,898310,Serbia,2019,2,39
381,Eric Paschall,71,#7,F,11/04/96,6-6 / 1.98,255 lbs. / 115.7 kg.,898310,USA,2019,2,41
382,Carsen Edwards,71,#4,G,03/12/98,5-11 / 1.80,200 lbs. / 90.7 kg.,1228026,USA,2019,2,33
383,KZ Okpala,71,#4,F,04/28/99,6-8 / 2.03,215 lbs. / 97.5 kg.,898310,USA,2019,2,32
384,Shake Milton,71,#18,C,09/26/96,6-5 / 1.96,205 lbs. / 93 kg.,1445697,USA,2018,2,54
385,Chimezie Metu,71,#7,F,03/22/97,6-9 / 2.06,225 lbs. / 102.1 kg.,1416852,Nigeria,2018,2,49
386,Keita Bates-Diop,70,#0,F,01/23/96,6-8 / 2.03,235 lbs. / 106.6 kg.,1416852,USA,2018,2,48
387,Darius Bazley,70,#7,F,06/12/00,6-8 / 2.03,200 lbs. / 90.7 kg.,2284800,USA,2019,1,23
388,Tony Bradley,70,#13,F-C,01/08/98,6-10 / 2.08,248 lbs. / 112.5 kg.,1962360,USA,2017,1,28
389,Hamidou Diallo,70,#6,G,07/31/98,6-5 / 1.96,198 lbs. / 89.8 kg.,1416852,USA,2018,2,45
390,Melvin Frazier,70,#35,F,08/30/96,6-5 / 1.96,201 lbs. / 91.2 kg.,1416852,USA,2018,2,35
391,Solomon Hill,70,#44,F,03/18/91,6-6 / 1.98,226 lbs. / 102.5 kg.,13290395,USA,2013,1,23
392,Alize Johnson,70,#24,F,04/26/96,6-7 / 2.01,201 lbs. / 91.2 kg.,1416852,USA,2018,2,50
393,Skal Labissiere,70,#0,C-F,03/18/96,6-10 / 2.08,216 lbs. / 98 kg.,2338846,Haiti,2016,1,28
394,Tyler Lydon,70,#0,F-C,04/09/96,6-9 / 2.06,220 lbs. / 99.8 kg.,50000,USA,2017,1,24
395,Sviatoslav Mykhailiuk,70,#19,G,06/10/97,6-7 / 2.01,205 lbs. / 93 kg.,1416852,Ukraine,2018,2,47
396,Johnathan Motley,70,#15,F,05/04/95,6-8 / 2.03,230 lbs. / 104.3 kg.,79568,USA,2017,Undrafted,Undrafted
397,Abdel Nader,70,#11,F,09/25/93,6-5 / 1.96,225 lbs. / 102.1 kg.,1618520,Egypt,2016,2,58
398,Miles Plumlee,70,#0,F-C,09/01/88,6-11 / 2.11,255 lbs. / 115.7 kg.,12500000,USA,2012,1,26
399,Caleb Swanigan,70,#50,C,04/18/97,6-9 / 2.06,249 lbs. / 112.9 kg.,2033160,USA,2017,1,26
400,Jarred Vanderbilt,70,#0,F,04/03/99,6-9 / 2.06,214 lbs. / 97.1 kg.,1416852,USA,2018,2,41
401,Jemerrio Jones,70,#0,F,04/09/95,6-5 / 1.96,201 lbs. / 91.2 kg.,195077,USA,2018,Undrafted,Undrafted
402,Jordan Poole,70,#3,G,06/19/99,6-4 / 1.93,194 lbs. / 88 kg.,1964760,USA,2019,1,28
403,Talen Horton-Tucker,70,#5,G,11/20/00,6-4 / 1.93,234 lbs. / 106.1 kg.,898310,USA,2019,2,46
404,Yante Maten,70,#0,F-C,08/14/96,6-8 / 2.03,240 lbs. / 108.9 kg.,100000,USA,2018,Undrafted,Undrafted
405,Thanasis Antetokounmpo,70,#43,F,07/18/92,6-6 / 1.98,215 lbs. / 97.5 kg.,1445697,Greece,2014,2,51
406,Naz Reid,70,#11,C,08/26/99,6-9 / 2.06,249 lbs. / 112.9 kg.,898310,USA,2019,Undrafted,Undrafted
407,Ignas Brazdeikis,70,#17,F,01/08/99,6-6 / 1.98,216 lbs. / 98 kg.,898310,Canada,2019,2,47
408,Deonte Burton,70,#30,G,06/26/91,6-4 / 1.93,240 lbs. / 108.9 kg.,1416852,USA,2014,Undrafted,Undrafted
409,Justin James,70,#10,G,01/24/97,6-7 / 2.01,190 lbs. / 86.2 kg.,898310,USA,2019,2,40
410,Henry Ellenson,69,#0,F-C,01/13/97,6-10 / 2.08,242 lbs. / 109.8 kg.,79568,USA,2016,1,18
411,Devonte Graham,69,#0,G,02/22/95,6-1 / 1.85,185 lbs. / 83.9 kg.,1416852,USA,2018,2,34
412,Amile Jefferson,69,#0,F-C,05/07/93,6-9 / 2.06,224 lbs. / 101.6 kg.,1529007,USA,2017,Undrafted,Undrafted
413,Khyri Thomas,69,#13,G,05/08/96,6-3 / 1.91,210 lbs. / 95.3 kg.,1416852,USA,2018,2,38
414,Theo Pinson,69,#0,G,11/05/95,6-5 / 1.96,220 lbs. / 99.8 kg.,1445697,USA,2018,Undrafted,Undrafted
415,Gary Clark,69,#0,F,11/16/94,6-6 / 1.98,225 lbs. / 102.1 kg.,1427191,USA,2018,Undrafted,Undrafted
416,Terance Mann,69,#14,G,10/18/96,6-5 / 1.96,215 lbs. / 97.5 kg.,1000000,USA,2019,2,48
417,Cam Reynolds,69,#13,G,02/07/95,6-7 / 2.01,225 lbs. / 102.1 kg.,79568,USA,2018,Undrafted,Undrafted
418,Tyrone Wallace,69,#0,G-F,06/10/94,6-5 / 1.96,200 lbs. / 90.7 kg.,502491,USA,2016,2,60
419,Miye Oni,69,#24,F,08/04/97,6-5 / 1.96,210 lbs. / 95.3 kg.,898310,USA,2019,2,58
420,Malcolm Miller,69,#13,F,03/06/93,6-7 / 2.01,205 lbs. / 93 kg.,1588231,USA,2015,Undrafted,Undrafted
421,Isaac Bonga,68,#17,G,11/08/99,6-8 / 2.03,200 lbs. / 90.7 kg.,1416852,Germany,2018,2,39
422,Isaiah Hartenstein,68,#0,F-C,05/05/98,7-0 / 2.13,250 lbs. / 113.4 kg.,1416852,Germany,2017,2,43
423,Jordan McRae,68,#0,G,03/28/91,6-5 / 1.96,179 lbs. / 81.2 kg.,1254933,USA,2014,2,58
424,Brandon Goodwin,68,#0,G,10/02/95,6-0 / 1.83,180 lbs. / 81.6 kg.,522738,USA,2018,Undrafted,Undrafted
425,Michael Frazier,68,#21,G,03/08/94,6-3 / 1.91,200 lbs. / 90.7 kg.,79568,USA,2015,2,60
426,Kostas Antetokounmpo,68,#37,F,11/20/97,6-10 / 2.08,200 lbs. / 90.7 kg.,79568,Greece,2018,Undrafted,Undrafted
427,Jalen Lecque,68,#0,G,06/13/00,6-3 / 1.91,190 lbs. / 86.2 kg.,898310,USA,2019,Undrafted,Undrafted
428,Duncan Robinson,67,#55,F,04/22/94,6-7 / 2.01,215 lbs. / 97.5 kg.,1416852,USA,2018,Undrafted,Undrafted
